,step,train_error,validation_error
0,0,0.75,0.5833333134651184
1,20,0.6666666865348816,0.8333333134651184
2,40,0.8333333134651184,0.6666666865348816
3,60,0.4166666567325592,0.75
4,80,0.6666666865348816,0.6666666865348816
5,100,0.5833333134651184,0.6666666865348816
6,120,0.25,0.9166666865348816
7,140,0.6666666865348816,0.75
8,160,0.5833333134651184,0.8333333134651184
9,180,0.5833333134651184,0.75
10,200,0.5833333134651184,0.75
11,220,0.3333333432674408,0.9166666865348816
12,240,0.75,0.8333333134651184
13,260,1.0,0.75
14,280,0.5,0.8333333134651184
15,300,0.9166666865348816,0.9166666865348816
16,320,0.5,0.5833333134651184
17,340,0.25,0.6666666865348816
18,360,0.5,0.5
19,380,0.4166666567325592,0.6666666865348816
20,400,0.8333333134651184,0.9166666865348816
21,420,0.4166666567325592,0.6666666865348816
22,440,0.5,0.8333333134651184
23,460,0.8333333134651184,0.4166666567325592
24,480,0.75,0.9166666865348816
25,500,0.4166666567325592,0.6666666865348816
26,520,0.9166666865348816,0.75
27,540,0.25,0.5833333134651184
28,560,0.75,0.9166666865348816
29,580,0.4166666567325592,0.5
30,600,0.3333333432674408,0.6666666865348816
31,620,0.5,0.4166666567325592
32,640,0.5,0.6666666865348816
33,660,0.75,0.5833333134651184
34,680,0.75,0.9166666865348816
35,700,0.6666666865348816,0.25
36,720,0.5,0.5833333134651184
37,740,0.5,0.6666666865348816
38,760,0.8333333134651184,0.8333333134651184
39,780,0.5833333134651184,0.8333333134651184
40,800,0.5833333134651184,0.75
41,820,0.0833333358168602,0.4166666567325592
42,840,0.25,0.75
43,860,0.4166666567325592,0.9166666865348816
44,880,0.5,0.4166666567325592
45,900,1.0,0.5
46,920,0.5,0.75
47,940,0.5,0.9166666865348816
48,960,0.25,0.5
49,980,0.4166666567325592,0.6666666865348816
50,1000,0.4166666567325592,0.25
51,1020,0.5,0.4166666567325592
52,1040,0.8333333134651184,0.8333333134651184
53,1060,0.6666666865348816,0.8333333134651184
54,1080,0.0833333358168602,0.5
55,1100,1.0,0.8333333134651184
56,1120,0.4166666567325592,0.6666666865348816
57,1140,0.3333333432674408,0.75
58,1160,0.1666666716337204,0.4166666567325592
59,1180,0.5,0.75
60,1200,0.9166666865348816,0.25
61,1220,0.1666666716337204,0.3333333432674408
62,1240,0.4166666567325592,0.6666666865348816
63,1260,0.1666666716337204,0.4166666567325592
64,1280,0.4166666567325592,0.4166666567325592
65,1300,0.5833333134651184,0.4166666567325592
66,1320,0.5,0.4166666567325592
67,1340,0.4166666567325592,0.6666666865348816
68,1360,0.25,0.3333333432674408
69,1380,0.25,0.1666666716337204
70,1400,0.5,0.5
71,1420,0.5833333134651184,0.5833333134651184
72,1440,0.5833333134651184,0.8333333134651184
73,1460,0.5833333134651184,0.5
74,1480,0.4166666567325592,0.4166666567325592
75,1500,0.5,0.25
76,1520,0.5,0.8333333134651184
77,1540,0.4166666567325592,0.0
78,1560,0.5833333134651184,0.3333333432674408
79,1580,0.3333333432674408,0.3333333432674408
80,1600,0.5,0.4166666567325592
81,1620,0.3333333432674408,0.25
82,1640,0.5,0.5833333134651184
83,1660,0.1666666716337204,0.5833333134651184
84,1680,0.5833333134651184,0.25
85,1700,0.1666666716337204,0.3333333432674408
86,1720,0.25,0.4166666567325592
87,1740,0.5833333134651184,0.0833333358168602
88,1760,0.1666666716337204,0.25
89,1780,0.4166666567325592,0.5833333134651184
90,1800,0.1666666716337204,0.3333333432674408
91,1820,0.0833333358168602,0.1666666716337204
92,1840,0.1666666716337204,0.4166666567325592
93,1860,0.1666666716337204,0.5833333134651184
94,1880,0.25,0.5833333134651184
95,1900,0.25,0.25
96,1920,0.0833333358168602,0.4166666567325592
97,1940,0.5,0.3333333432674408
98,1960,0.4166666567325592,0.3333333432674408
99,1980,0.5833333134651184,0.75
100,2000,0.4166666567325592,0.5833333134651184
101,2020,0.1666666716337204,0.25
102,2040,0.3333333432674408,0.5
103,2060,0.4166666567325592,0.3333333432674408
104,2080,0.1666666716337204,0.3333333432674408
105,2100,0.4166666567325592,0.25
106,2120,0.3333333432674408,0.25
107,2140,0.0833333358168602,0.5
108,2160,0.5,0.6666666865348816
109,2180,0.4166666567325592,0.6666666865348816
110,2200,0.25,0.8333333134651184
111,2220,0.3333333432674408,0.3333333432674408
112,2240,0.5,0.5833333134651184
113,2260,0.4166666567325592,0.5
114,2280,0.4166666567325592,0.5
115,2300,0.1666666716337204,0.3333333432674408
116,2320,0.25,0.6666666865348816
117,2340,0.3333333432674408,0.5833333134651184
118,2360,0.1666666716337204,0.1666666716337204
119,2380,0.5,0.5833333134651184
120,2400,0.0833333358168602,0.5
121,2420,0.25,0.25
122,2440,0.5,0.5
123,2460,0.25,0.5833333134651184
124,2480,0.25,0.5
125,2500,0.0833333358168602,0.1666666716337204
126,2520,0.5,0.25
127,2540,0.1666666716337204,0.3333333432674408
128,2560,0.1666666716337204,0.1666666716337204
129,2580,0.25,0.5
130,2600,0.1666666716337204,0.5833333134651184
131,2620,0.25,0.5
132,2640,0.5,0.5833333134651184
133,2660,0.5,0.5833333134651184
134,2680,0.4166666567325592,0.75
135,2700,0.4166666567325592,0.4166666567325592
136,2720,0.1666666716337204,0.0833333358168602
137,2740,0.5,0.1666666716337204
138,2760,0.3333333432674408,0.5
139,2780,0.4166666567325592,0.5
140,2800,0.3333333432674408,0.25
141,2820,0.25,0.5
142,2840,0.3333333432674408,0.3333333432674408
143,2860,0.0833333358168602,0.4166666567325592
144,2880,0.25,0.25
145,2900,0.25,0.4166666567325592
146,2920,0.25,0.5833333134651184
147,2940,0.6666666865348816,0.4166666567325592
148,2960,0.4166666567325592,0.3333333432674408
149,2980,0.0,0.6666666865348816
150,3000,0.25,0.5833333134651184
151,3020,0.25,0.5833333134651184
152,3040,0.1666666716337204,0.6666666865348816
153,3060,0.3333333432674408,0.3333333432674408
154,3080,0.3333333432674408,0.5833333134651184
155,3100,0.5,0.4166666567325592
156,3120,0.5,0.5
157,3140,0.4166666567325592,0.1666666716337204
158,3160,0.1666666716337204,0.3333333432674408
159,3180,0.0833333358168602,0.25
160,3200,0.3333333432674408,0.6666666865348816
161,3220,0.25,0.5833333134651184
162,3240,0.3333333432674408,0.3333333432674408
163,3260,0.4166666567325592,0.3333333432674408
164,3280,0.0833333358168602,0.3333333432674408
165,3300,0.3333333432674408,0.3333333432674408
166,3320,0.3333333432674408,0.5833333134651184
167,3340,0.1666666716337204,0.3333333432674408
168,3360,0.0,0.1666666716337204
169,3380,0.3333333432674408,0.25
170,3400,0.25,0.3333333432674408
171,3420,0.4166666567325592,0.5
172,3440,0.3333333432674408,0.25
173,3460,0.3333333432674408,0.25
174,3480,0.0,0.3333333432674408
175,3500,0.3333333432674408,0.3333333432674408
176,3520,0.1666666716337204,0.3333333432674408
177,3540,0.1666666716337204,0.3333333432674408
178,3560,0.9166666865348816,0.5
179,3580,0.1666666716337204,0.0833333358168602
180,3600,0.3333333432674408,0.3333333432674408
181,3620,0.1666666716337204,0.25
182,3640,0.4166666567325592,0.75
183,3660,0.1666666716337204,0.6666666865348816
184,3680,0.1666666716337204,0.5833333134651184
185,3700,0.0833333358168602,0.4166666567325592
186,3720,0.1666666716337204,0.1666666716337204
187,3740,0.1666666716337204,0.25
188,3760,0.25,0.5833333134651184
189,3780,0.0833333358168602,0.4166666567325592
190,3800,0.1666666716337204,0.4166666567325592
191,3820,0.0833333358168602,0.25
192,3840,0.3333333432674408,0.6666666865348816
193,3860,0.0,0.1666666716337204
194,3880,0.0,0.1666666716337204
195,3900,0.25,0.1666666716337204
196,3920,0.0833333358168602,0.5
197,3940,0.25,0.4166666567325592
198,3960,0.3333333432674408,0.1666666716337204
199,3980,0.3333333432674408,0.6666666865348816
200,4000,0.0833333358168602,0.5
201,4020,0.0833333358168602,1.0
202,4040,0.1666666716337204,0.5
203,4060,0.5833333134651184,0.25
204,4080,0.75,0.75
205,4100,0.0,0.5
206,4120,0.0833333358168602,0.75
207,4140,0.3333333432674408,0.1666666716337204
208,4160,0.0,0.0833333358168602
209,4180,0.5833333134651184,0.1666666716337204
210,4200,0.3333333432674408,0.5
211,4220,0.8333333134651184,0.0833333358168602
212,4240,0.1666666716337204,0.3333333432674408
213,4260,0.1666666716337204,0.5
214,4280,0.3333333432674408,0.4166666567325592
215,4300,0.9166666865348816,0.25
216,4320,0.1666666716337204,0.5833333134651184
217,4340,0.1666666716337204,0.3333333432674408
218,4360,0.1666666716337204,0.4166666567325592
219,4380,0.25,0.3333333432674408
220,4400,0.0833333358168602,0.6666666865348816
221,4420,0.1666666716337204,0.5
222,4440,0.3333333432674408,0.3333333432674408
223,4460,0.25,0.3333333432674408
224,4480,0.3333333432674408,0.4166666567325592
225,4500,0.0,0.4166666567325592
226,4520,0.25,0.5833333134651184
227,4540,0.3333333432674408,0.1666666716337204
228,4560,0.1666666716337204,0.5833333134651184
229,4580,0.4166666567325592,0.0833333358168602
230,4600,0.0833333358168602,0.4166666567325592
231,4620,0.4166666567325592,0.3333333432674408
232,4640,0.0833333358168602,0.3333333432674408
233,4660,0.1666666716337204,0.3333333432674408
234,4680,0.1666666716337204,0.5833333134651184
235,4700,0.0,0.5
236,4720,0.0833333358168602,0.5
237,4740,0.1666666716337204,0.3333333432674408
238,4760,0.0,0.3333333432674408
239,4780,0.0,0.4166666567325592
240,4800,0.3333333432674408,0.3333333432674408
241,4820,0.0,0.4166666567325592
242,4840,0.0833333358168602,0.0833333358168602
243,4860,0.0833333358168602,0.8333333134651184
244,4880,0.0833333358168602,0.4166666567325592
245,4900,0.25,0.1666666716337204
246,4920,0.4166666567325592,0.5833333134651184
247,4940,0.1666666716337204,0.1666666716337204
248,4960,0.0,0.25
249,4980,0.0833333358168602,0.3333333432674408
250,5000,0.3333333432674408,0.6666666865348816
251,5020,0.0833333358168602,0.1666666716337204
252,5040,0.0,0.5
253,5060,0.1666666716337204,0.5833333134651184
254,5080,0.0,0.3333333432674408
255,5100,0.0833333358168602,0.6666666865348816
256,5120,0.0833333358168602,0.0833333358168602
257,5140,0.1666666716337204,0.5
258,5160,0.0,0.3333333432674408
259,5180,0.3333333432674408,0.6666666865348816
260,5200,0.0,0.4166666567325592
261,5220,0.0,0.5833333134651184
262,5240,0.0833333358168602,0.3333333432674408
263,5260,0.1666666716337204,0.5
264,5280,0.1666666716337204,0.6666666865348816
265,5300,0.0833333358168602,0.5
266,5320,0.1666666716337204,0.5
267,5340,0.0,0.3333333432674408
268,5360,0.0833333358168602,0.3333333432674408
269,5380,0.3333333432674408,0.25
270,5400,0.0,0.3333333432674408
271,5420,0.4166666567325592,0.5
272,5440,0.1666666716337204,0.6666666865348816
273,5460,0.0,0.5
274,5480,0.0,0.4166666567325592
275,5500,0.0,0.1666666716337204
276,5520,0.4166666567325592,0.5833333134651184
277,5540,0.1666666716337204,0.4166666567325592
278,5560,0.25,0.5833333134651184
279,5580,0.0833333358168602,0.4166666567325592
280,5600,0.0,0.4166666567325592
281,5620,0.1666666716337204,0.5
282,5640,0.0833333358168602,0.3333333432674408
283,5660,0.0,0.4166666567325592
284,5680,0.0,0.5833333134651184
285,5700,0.0,0.5
286,5720,0.0833333358168602,0.5
287,5740,0.0833333358168602,0.5833333134651184
288,5760,0.8333333134651184,0.5833333134651184
289,5780,0.0,0.3333333432674408
290,5800,0.0,0.1666666716337204
291,5820,0.0833333358168602,0.25
292,5840,0.1666666716337204,0.25
293,5860,0.0,0.3333333432674408
294,5880,0.0,0.0833333358168602
295,5900,0.3333333432674408,0.1666666716337204
296,5920,0.0,0.3333333432674408
297,5940,0.0,0.0833333358168602
298,5960,0.1666666716337204,0.6666666865348816
299,5980,0.5833333134651184,0.75
300,6000,0.1666666716337204,0.25
301,6020,0.0,0.5833333134651184
302,6040,0.3333333432674408,0.4166666567325592
303,6060,0.0,0.3333333432674408
304,6080,0.5833333134651184,0.3333333432674408
305,6100,0.0,0.4166666567325592
306,6120,0.0,0.25
307,6140,0.0,0.5833333134651184
308,6160,0.1666666716337204,0.4166666567325592
309,6180,0.0,0.4166666567325592
310,6200,0.0,0.1666666716337204
311,6220,0.0,0.4166666567325592
312,6240,0.0833333358168602,0.1666666716337204
313,6260,0.0833333358168602,0.25
314,6280,0.5,0.25
315,6300,0.0,0.4166666567325592
316,6320,0.0,0.1666666716337204
317,6340,0.0,0.5833333134651184
318,6360,0.0,0.5
319,6380,0.4166666567325592,0.6666666865348816
320,6400,0.25,0.3333333432674408
321,6420,0.0833333358168602,0.3333333432674408
322,6440,0.3333333432674408,0.4166666567325592
323,6460,0.25,0.25
324,6480,0.25,0.3333333432674408
325,6500,0.0,0.3333333432674408
326,6520,0.0833333358168602,0.5
327,6540,0.5,0.4166666567325592
328,6560,0.0,0.4166666567325592
329,6580,0.5833333134651184,0.25
330,6600,0.1666666716337204,0.5
331,6620,0.0,0.1666666716337204
332,6640,0.0,0.4166666567325592
333,6660,0.0833333358168602,0.25
334,6680,0.0833333358168602,0.5
335,6700,0.0,0.3333333432674408
336,6720,0.1666666716337204,0.4166666567325592
337,6740,0.0,0.5
338,6760,0.25,0.3333333432674408
339,6780,0.0,0.3333333432674408
340,6800,0.0,0.25
341,6820,0.0,0.3333333432674408
342,6840,0.3333333432674408,0.5
343,6860,0.0833333358168602,0.25
344,6880,0.0833333358168602,0.1666666716337204
345,6900,0.4166666567325592,0.3333333432674408
346,6920,0.0,0.4166666567325592
347,6940,0.0833333358168602,0.1666666716337204
348,6960,0.0,0.5833333134651184
349,6980,0.0,0.3333333432674408
350,7000,0.3333333432674408,0.3333333432674408
351,7020,0.0,0.5
352,7040,0.0,0.5833333134651184
353,7060,0.0,0.3333333432674408
354,7080,0.0833333358168602,0.5
355,7100,0.0,0.3333333432674408
356,7120,0.0,0.4166666567325592
357,7140,0.0,0.4166666567325592
358,7160,0.0833333358168602,0.75
359,7180,0.0,0.4166666567325592
360,7200,0.0833333358168602,0.4166666567325592
361,7220,0.0,0.5833333134651184
362,7240,0.0833333358168602,0.0833333358168602
363,7260,0.0,0.25
364,7280,0.0,0.25
365,7300,0.0,0.5833333134651184
366,7320,0.0,0.5833333134651184
367,7340,0.0,0.1666666716337204
368,7360,0.0,0.25
369,7380,0.25,0.0833333358168602
370,7400,0.0833333358168602,0.4166666567325592
371,7420,0.0833333358168602,0.1666666716337204
372,7440,0.0,0.3333333432674408
373,7460,0.0833333358168602,0.3333333432674408
374,7480,0.0,0.5
375,7500,0.0833333358168602,0.5
376,7520,0.1666666716337204,0.5
377,7540,0.0,0.5833333134651184
378,7560,0.0,0.3333333432674408
379,7580,0.0,0.4166666567325592
380,7600,0.0,0.4166666567325592
381,7620,0.25,0.3333333432674408
382,7640,0.0,0.4166666567325592
383,7660,0.0,0.1666666716337204
384,7680,0.0,0.25
385,7700,0.0,0.3333333432674408
386,7720,0.0,0.4166666567325592
387,7740,0.0,0.3333333432674408
388,7760,0.25,0.5833333134651184
389,7780,0.0,0.25
390,7800,0.0,0.1666666716337204
391,7820,0.0833333358168602,0.3333333432674408
392,7840,0.0,0.3333333432674408
393,7860,0.0,0.25
394,7880,0.0,0.1666666716337204
395,7900,0.6666666865348816,0.0833333358168602
396,7920,0.0,0.4166666567325592
397,7940,0.0833333358168602,0.4166666567325592
398,7960,0.4166666567325592,0.4166666567325592
399,7980,0.75,0.4166666567325592
400,8000,0.0,0.5
401,8020,0.0,0.25
402,8040,0.0,0.25
403,8060,0.0,0.1666666716337204
404,8080,0.0,0.4166666567325592
405,8100,0.4166666567325592,0.25
406,8120,0.0,0.1666666716337204
407,8140,0.0,0.0833333358168602
408,8160,0.3333333432674408,0.1666666716337204
409,8180,0.0,0.25
410,8200,0.0,0.5
411,8220,0.0833333358168602,0.5
412,8240,0.1666666716337204,0.25
413,8260,0.0,0.25
414,8280,0.75,0.5
415,8300,0.0833333358168602,0.5
416,8320,0.0,0.5833333134651184
417,8340,0.0,0.25
418,8360,0.0,0.4166666567325592
419,8380,0.0833333358168602,0.5833333134651184
420,8400,0.0,0.4166666567325592
421,8420,0.0,0.3333333432674408
422,8440,0.1666666716337204,0.1666666716337204
423,8460,0.0,0.1666666716337204
424,8480,0.0,0.3333333432674408
425,8500,0.0,0.1666666716337204
426,8520,0.0,0.1666666716337204
427,8540,0.0833333358168602,0.3333333432674408
428,8560,0.1666666716337204,0.1666666716337204
429,8580,0.1666666716337204,0.1666666716337204
430,8600,0.0,0.5
431,8620,0.0,0.25
432,8640,0.0,0.25
433,8660,0.0,0.4166666567325592
434,8680,0.0,0.25
435,8700,0.0,0.25
436,8720,0.1666666716337204,0.5833333134651184
437,8740,0.0,0.25
438,8760,0.0,0.1666666716337204
439,8780,0.0833333358168602,0.1666666716337204
440,8800,0.0833333358168602,0.1666666716337204
441,8820,0.0833333358168602,0.1666666716337204
442,8840,0.5,0.25
443,8860,0.0,0.3333333432674408
444,8880,0.0833333358168602,0.25
445,8900,0.0833333358168602,0.0833333358168602
446,8920,0.25,0.3333333432674408
447,8940,0.0,0.3333333432674408
448,8960,0.0,0.4166666567325592
449,8980,0.0,0.3333333432674408
450,9000,0.0,0.25
451,9020,0.0,0.3333333432674408
452,9040,0.0833333358168602,0.5
453,9060,0.0833333358168602,0.1666666716337204
454,9080,0.0,0.3333333432674408
455,9100,0.0,0.1666666716337204
456,9120,0.0833333358168602,0.3333333432674408
457,9140,0.0,0.25
458,9160,0.0,0.3333333432674408
459,9180,0.0,0.0833333358168602
460,9200,0.0833333358168602,0.4166666567325592
461,9220,0.0,0.1666666716337204
462,9240,0.0,0.3333333432674408
463,9260,0.0,0.25
464,9280,0.0,0.4166666567325592
465,9300,0.0,0.0833333358168602
466,9320,0.0,0.3333333432674408
467,9340,0.0,0.25
468,9360,0.0,0.4166666567325592
469,9380,0.0833333358168602,0.3333333432674408
470,9400,0.0,0.1666666716337204
471,9420,0.0,0.3333333432674408
472,9440,0.0,0.3333333432674408
473,9460,0.1666666716337204,0.1666666716337204
474,9480,0.0,0.4166666567325592
475,9500,0.25,0.5
476,9520,0.0833333358168602,0.1666666716337204
477,9540,0.0833333358168602,0.5
478,9560,0.0,0.5
479,9580,0.0833333358168602,0.25
480,9600,0.0,0.1666666716337204
481,9620,0.0,0.25
482,9640,0.0,0.5
483,9660,0.0,0.5833333134651184
484,9680,0.0,0.3333333432674408
485,9700,0.0,0.4166666567325592
486,9720,0.3333333432674408,0.6666666865348816
487,9740,0.0,0.25
488,9760,0.0833333358168602,0.5833333134651184
489,9780,0.1666666716337204,0.25
490,9800,0.0,0.25
491,9820,0.3333333432674408,0.5
492,9840,0.0,0.3333333432674408
493,9860,0.0,0.4166666567325592
494,9880,0.0,0.5
495,9900,0.0833333358168602,0.3333333432674408
496,9920,0.0,0.1666666716337204
497,9940,0.0,0.5
498,9960,0.1666666716337204,0.4166666567325592
499,9980,0.0,0.4166666567325592
500,10000,0.0833333358168602,0.25
501,10020,0.25,0.5
502,10040,0.0,0.25
503,10060,0.0,0.3333333432674408
504,10080,0.0,0.25
505,10100,0.0833333358168602,0.25
506,10120,0.0,0.4166666567325592
507,10140,0.0,0.1666666716337204
508,10160,0.0,0.3333333432674408
509,10180,0.0,0.4166666567325592
510,10200,0.0,0.3333333432674408
511,10220,0.0,0.25
512,10240,0.25,0.3333333432674408
513,10260,0.0,0.5
514,10280,0.0,0.3333333432674408
515,10300,0.0,0.3333333432674408
516,10320,0.0,0.1666666716337204
517,10340,0.0,0.4166666567325592
518,10360,0.0,0.25
519,10380,0.0,0.3333333432674408
520,10400,0.1666666716337204,0.0833333358168602
521,10420,0.0,0.1666666716337204
522,10440,0.1666666716337204,0.25
523,10460,0.0,0.4166666567325592
524,10480,0.0833333358168602,0.0833333358168602
525,10500,0.0,0.25
526,10520,0.0,0.25
527,10540,0.25,0.4166666567325592
528,10560,0.0,0.1666666716337204
529,10580,0.0,0.1666666716337204
530,10600,0.0,0.4166666567325592
531,10620,0.0,0.3333333432674408
532,10640,0.0,0.1666666716337204
533,10660,0.0,0.3333333432674408
534,10680,0.0,0.25
535,10700,0.0,0.25
536,10720,0.0,0.5
537,10740,0.0,0.25
538,10760,0.0,0.25
539,10780,0.0,0.1666666716337204
540,10800,0.0,0.4166666567325592
541,10820,0.0,0.25
542,10840,0.0,0.25
543,10860,0.0,0.5
544,10880,0.0833333358168602,0.3333333432674408
545,10900,0.0,0.3333333432674408
546,10920,0.0,0.25
547,10940,0.0833333358168602,0.5833333134651184
548,10960,0.0,0.4166666567325592
549,10980,0.0833333358168602,0.0833333358168602
550,11000,0.0,0.4166666567325592
551,11020,0.0,0.25
552,11040,0.0,0.25
553,11060,0.0,0.25
554,11080,0.0,0.25
555,11100,0.0,0.1666666716337204
556,11120,0.0,0.0
557,11140,0.0,0.0833333358168602
558,11160,0.0,0.3333333432674408
559,11180,0.0,0.4166666567325592
560,11200,0.0,0.4166666567325592
561,11220,0.0,0.1666666716337204
562,11240,0.0,0.4166666567325592
563,11260,0.0,0.25
564,11280,0.0,0.0
565,11300,0.3333333432674408,0.3333333432674408
566,11320,0.0,0.3333333432674408
567,11340,0.0,0.25
568,11360,0.0,0.1666666716337204
569,11380,0.0,0.3333333432674408
570,11400,0.0,0.4166666567325592
571,11420,0.0,0.3333333432674408
572,11440,0.0,0.25
573,11460,0.0,0.25
574,11480,0.0,0.1666666716337204
575,11500,0.0833333358168602,0.0833333358168602
576,11520,0.0,0.3333333432674408
577,11540,0.0,0.1666666716337204
578,11560,0.0,0.25
579,11580,0.1666666716337204,0.0833333358168602
580,11600,0.0,0.5833333134651184
581,11620,0.1666666716337204,0.5
582,11640,0.0833333358168602,0.25
583,11660,0.0,0.1666666716337204
584,11680,0.0,0.25
585,11700,0.0,0.0833333358168602
586,11720,0.0,0.4166666567325592
587,11740,0.0,0.4166666567325592
588,11760,0.0833333358168602,0.25
589,11780,0.0,0.1666666716337204
590,11800,0.0,0.25
591,11820,0.0,0.3333333432674408
592,11840,0.0,0.1666666716337204
593,11860,0.0,0.25
594,11880,0.0,0.1666666716337204
595,11900,0.0,0.1666666716337204
596,11920,0.0,0.25
597,11940,0.0,0.3333333432674408
598,11960,0.0,0.3333333432674408
599,11980,0.0,0.1666666716337204
600,12000,0.0,0.1666666716337204
601,12020,0.1666666716337204,0.1666666716337204
602,12040,0.0,0.4166666567325592
603,12060,0.0,0.25
604,12080,0.0833333358168602,0.5
605,12100,0.0,0.3333333432674408
606,12120,0.0,0.25
607,12140,0.0,0.3333333432674408
608,12160,0.0,0.3333333432674408
609,12180,0.0,0.3333333432674408
610,12200,0.0,0.1666666716337204
611,12220,0.0,0.25
612,12240,0.0,0.25
613,12260,0.0,0.0833333358168602
614,12280,0.0833333358168602,0.4166666567325592
615,12300,0.0,0.4166666567325592
616,12320,0.0,0.25
617,12340,0.0,0.3333333432674408
618,12360,0.0,0.25
619,12380,0.0,0.3333333432674408
620,12400,0.0,0.25
621,12420,0.0,0.1666666716337204
622,12440,0.0,0.1666666716337204
623,12460,0.0,0.25
624,12480,0.0,0.1666666716337204
625,12500,0.0,0.1666666716337204
626,12520,0.0,0.0833333358168602
627,12540,0.0,0.0833333358168602
628,12560,0.0,0.3333333432674408
629,12580,0.0,0.25
630,12600,0.0,0.25
631,12620,0.0,0.3333333432674408
632,12640,0.0,0.25
633,12660,0.0,0.1666666716337204
634,12680,0.0,0.3333333432674408
635,12700,0.0,0.25
636,12720,0.0,0.1666666716337204
637,12740,0.0,0.3333333432674408
638,12760,0.0,0.3333333432674408
639,12780,0.0,0.25
640,12800,0.0,0.25
641,12820,0.0,0.25
642,12840,0.0833333358168602,0.5
643,12860,0.0,0.1666666716337204
644,12880,0.0,0.1666666716337204
645,12900,0.1666666716337204,0.4166666567325592
646,12920,0.4166666567325592,0.4166666567325592
647,12940,0.0,0.25
648,12960,0.0,0.25
649,12980,0.0,0.25
650,13000,0.0,0.0833333358168602
651,13020,0.0,0.1666666716337204
652,13040,0.0,0.25
653,13060,0.0,0.25
654,13080,0.0,0.25
655,13100,0.0,0.1666666716337204
656,13120,0.0,0.3333333432674408
657,13140,0.0,0.25
658,13160,0.0,0.1666666716337204
659,13180,0.0833333358168602,0.25
660,13200,0.0,0.25
661,13220,0.0,0.5833333134651184
662,13240,0.0,0.25
663,13260,0.0,0.4166666567325592
664,13280,0.0,0.1666666716337204
665,13300,0.0,0.0833333358168602
666,13320,0.1666666716337204,0.1666666716337204
667,13340,0.0,0.0
668,13360,0.0,0.25
669,13380,0.0,0.0833333358168602
670,13400,0.0,0.1666666716337204
671,13420,0.0,0.3333333432674408
672,13440,0.0,0.3333333432674408
673,13460,0.0,0.3333333432674408
674,13480,0.0,0.4166666567325592
675,13500,0.0,0.4166666567325592
676,13520,0.0,0.0833333358168602
677,13540,0.0833333358168602,0.3333333432674408
678,13560,0.0,0.4166666567325592
679,13580,0.0,0.4166666567325592
680,13600,0.0,0.3333333432674408
681,13620,0.0,0.1666666716337204
682,13640,0.1666666716337204,0.1666666716337204
683,13660,0.0,0.1666666716337204
684,13680,0.0,0.0833333358168602
685,13700,0.0,0.25
686,13720,0.0,0.3333333432674408
687,13740,0.0,0.25
688,13760,0.0,0.3333333432674408
689,13780,0.0833333358168602,0.1666666716337204
690,13800,0.0,0.25
691,13820,0.0,0.0
692,13840,0.0833333358168602,0.25
693,13860,0.0,0.0
694,13880,0.0,0.1666666716337204
695,13900,0.0,0.5
696,13920,0.0,0.0833333358168602
697,13940,0.0,0.0
698,13960,0.0,0.1666666716337204
699,13980,0.0,0.1666666716337204
700,14000,0.0,0.1666666716337204
701,14020,0.0,0.1666666716337204
702,14040,0.0,0.25
703,14060,0.0,0.3333333432674408
704,14080,0.0,0.25
705,14100,0.0,0.25
706,14120,0.0,0.6666666865348816
707,14140,0.0,0.0833333358168602
708,14160,0.0833333358168602,0.4166666567325592
709,14180,0.0,0.3333333432674408
710,14200,0.0,0.25
711,14220,0.0,0.1666666716337204
712,14240,0.0,0.3333333432674408
713,14260,0.0,0.25
714,14280,0.0,0.3333333432674408
715,14300,0.0,0.3333333432674408
716,14320,0.1666666716337204,0.4166666567325592
717,14340,0.0,0.3333333432674408
718,14360,0.0,0.1666666716337204
719,14380,0.0,0.25
720,14400,0.0,0.0
721,14420,0.0,0.1666666716337204
722,14440,0.0,0.1666666716337204
723,14460,0.0,0.25
724,14480,0.0,0.0833333358168602
725,14500,0.0,0.25
726,14520,0.0,0.4166666567325592
727,14540,0.0,0.1666666716337204
728,14560,0.0,0.1666666716337204
729,14580,0.0,0.3333333432674408
730,14600,0.0833333358168602,0.1666666716337204
731,14620,0.0,0.1666666716337204
732,14640,0.0,0.25
733,14660,0.0,0.25
734,14680,0.0,0.25
735,14700,0.0,0.1666666716337204
736,14720,0.0,0.0833333358168602
737,14740,0.0,0.25
738,14760,0.0,0.0833333358168602
739,14780,0.0,0.0
740,14800,0.0,0.4166666567325592
741,14820,0.0,0.4166666567325592
742,14840,0.0,0.25
743,14860,0.0,0.25
744,14880,0.0,0.3333333432674408
745,14900,0.0,0.25
746,14920,0.0,0.1666666716337204
747,14940,0.0,0.3333333432674408
748,14960,0.0,0.25
749,14980,0.0,0.0833333358168602
750,15000,0.0,0.0833333358168602
751,15020,0.0,0.25
752,15040,0.0,0.25
753,15060,0.0,0.3333333432674408
754,15080,0.0,0.0833333358168602
755,15100,0.0,0.25
756,15120,0.0,0.0833333358168602
757,15140,0.0,0.0
758,15160,0.0,0.0833333358168602
759,15180,0.0,0.4166666567325592
760,15200,0.0,0.0
761,15220,0.0,0.3333333432674408
762,15240,0.0,0.3333333432674408
763,15260,0.0,0.25
764,15280,0.0,0.0833333358168602
765,15300,0.0,0.25
766,15320,0.0,0.25
767,15340,0.0,0.1666666716337204
768,15360,0.0,0.1666666716337204
769,15380,0.0,0.1666666716337204
770,15400,0.0,0.1666666716337204
771,15420,0.0,0.1666666716337204
772,15440,0.0,0.25
773,15460,0.0,0.1666666716337204
774,15480,0.0,0.0
775,15500,0.0,0.25
776,15520,0.0,0.1666666716337204
777,15540,0.0,0.0833333358168602
778,15560,0.0,0.25
779,15580,0.0,0.3333333432674408
780,15600,0.0,0.4166666567325592
781,15620,0.0,0.25
782,15640,0.0833333358168602,0.0833333358168602
783,15660,0.0,0.0833333358168602
784,15680,0.0,0.3333333432674408
785,15700,0.0,0.25
786,15720,0.0,0.3333333432674408
787,15740,0.0,0.0833333358168602
788,15760,0.0,0.0833333358168602
789,15780,0.0,0.25
790,15800,0.0,0.3333333432674408
791,15820,0.0,0.25
792,15840,0.0,0.25
793,15860,0.0,0.25
794,15880,0.0,0.1666666716337204
795,15900,0.0,0.25
796,15920,0.0833333358168602,0.5833333134651184
797,15940,0.0,0.4166666567325592
798,15960,0.0,0.0833333358168602
799,15980,0.0833333358168602,0.25
800,16000,0.0,0.3333333432674408
801,16020,0.0,0.1666666716337204
802,16040,0.0,0.0833333358168602
803,16060,0.0,0.25
804,16080,0.0,0.0
805,16100,0.0,0.0833333358168602
806,16120,0.0,0.25
807,16140,0.0,0.1666666716337204
808,16160,0.0,0.25
809,16180,0.0,0.0833333358168602
810,16200,0.0,0.1666666716337204
811,16220,0.0,0.0833333358168602
812,16240,0.0,0.1666666716337204
813,16260,0.0833333358168602,0.5833333134651184
814,16280,0.0,0.0833333358168602
815,16300,0.0,0.1666666716337204
816,16320,0.0,0.0833333358168602
817,16340,0.0,0.0833333358168602
818,16360,0.0,0.0833333358168602
819,16380,0.0,0.1666666716337204
820,16400,0.0,0.0833333358168602
821,16420,0.0,0.0833333358168602
822,16440,0.0,0.1666666716337204
823,16460,0.0,0.1666666716337204
824,16480,0.0,0.4166666567325592
825,16500,0.0,0.3333333432674408
826,16520,0.0,0.1666666716337204
827,16540,0.0,0.25
828,16560,0.0833333358168602,0.1666666716337204
829,16580,0.0,0.25
830,16600,0.0,0.1666666716337204
831,16620,0.0,0.25
832,16640,0.0,0.1666666716337204
833,16660,0.0,0.0833333358168602
834,16680,0.0,0.1666666716337204
835,16700,0.0,0.0
836,16720,0.0,0.1666666716337204
837,16740,0.0,0.25
838,16760,0.0,0.1666666716337204
839,16780,0.0833333358168602,0.25
840,16800,0.0,0.25
841,16820,0.0,0.1666666716337204
842,16840,0.0,0.3333333432674408
843,16860,0.0,0.1666666716337204
844,16880,0.0,0.0833333358168602
845,16900,0.1666666716337204,0.3333333432674408
846,16920,0.0,0.25
847,16940,0.0,0.1666666716337204
848,16960,0.0,0.25
849,16980,0.0,0.3333333432674408
850,17000,0.0,0.3333333432674408
851,17020,0.0,0.25
852,17040,0.0,0.0833333358168602
853,17060,0.0,0.1666666716337204
854,17080,0.0,0.3333333432674408
855,17100,0.0,0.3333333432674408
856,17120,0.0,0.0833333358168602
857,17140,0.0,0.25
858,17160,0.0,0.3333333432674408
859,17180,0.0,0.4166666567325592
860,17200,0.0,0.3333333432674408
861,17220,0.0,0.0833333358168602
862,17240,0.0,0.3333333432674408
863,17260,0.0,0.25
864,17280,0.0,0.4166666567325592
865,17300,0.0,0.25
866,17320,0.0,0.1666666716337204
867,17340,0.0,0.1666666716337204
868,17360,0.0,0.0833333358168602
869,17380,0.0,0.0833333358168602
870,17400,0.0,0.25
871,17420,0.0,0.0833333358168602
872,17440,0.0,0.0833333358168602
873,17460,0.0,0.1666666716337204
874,17480,0.0,0.3333333432674408
875,17500,0.0,0.5
876,17520,0.0,0.1666666716337204
877,17540,0.0,0.4166666567325592
878,17560,0.0,0.1666666716337204
879,17580,0.0,0.25
880,17600,0.0,0.0833333358168602
881,17620,0.0,0.1666666716337204
882,17640,0.0,0.0833333358168602
883,17660,0.0,0.25
884,17680,0.0,0.1666666716337204
885,17700,0.0,0.1666666716337204
886,17720,0.0,0.3333333432674408
887,17740,0.0,0.0833333358168602
888,17760,0.0,0.1666666716337204
889,17780,0.0,0.4166666567325592
890,17800,0.0,0.4166666567325592
891,17820,0.0,0.25
892,17840,0.0,0.25
893,17860,0.0,0.25
894,17880,0.0,0.1666666716337204
895,17900,0.0,0.25
896,17920,0.0,0.0833333358168602
897,17940,0.0,0.1666666716337204
898,17960,0.0,0.0833333358168602
899,17980,0.0,0.0833333358168602
900,18000,0.0,0.1666666716337204
901,18020,0.0833333358168602,0.1666666716337204
902,18040,0.0,0.0833333358168602
903,18060,0.0,0.25
904,18080,0.0,0.1666666716337204
905,18100,0.0,0.1666666716337204
906,18120,0.0,0.1666666716337204
907,18140,0.0,0.0
908,18160,0.0,0.1666666716337204
909,18180,0.0833333358168602,0.1666666716337204
910,18200,0.0,0.1666666716337204
911,18220,0.0,0.1666666716337204
912,18240,0.0,0.1666666716337204
913,18260,0.0833333358168602,0.0833333358168602
914,18280,0.0,0.0833333358168602
915,18300,0.0,0.25
916,18320,0.0,0.1666666716337204
917,18340,0.0,0.25
918,18360,0.0,0.25
919,18380,0.0,0.1666666716337204
920,18400,0.0,0.25
921,18420,0.0,0.3333333432674408
922,18440,0.0,0.4166666567325592
923,18460,0.0,0.1666666716337204
924,18480,0.0,0.4166666567325592
925,18500,0.0,0.1666666716337204
926,18520,0.0,0.25
927,18540,0.0,0.25
928,18560,0.0,0.1666666716337204
929,18580,0.0,0.3333333432674408
930,18600,0.0,0.1666666716337204
931,18620,0.0,0.1666666716337204
932,18640,0.0,0.0833333358168602
933,18660,0.0,0.4166666567325592
934,18680,0.0,0.1666666716337204
935,18700,0.0833333358168602,0.4166666567325592
936,18720,0.0,0.0833333358168602
937,18740,0.0,0.1666666716337204
938,18760,0.0,0.1666666716337204
939,18780,0.0,0.1666666716337204
940,18800,0.0,0.25
941,18820,0.0,0.0833333358168602
942,18840,0.0,0.1666666716337204
943,18860,0.0,0.4166666567325592
944,18880,0.0,0.25
945,18900,0.0,0.1666666716337204
946,18920,0.0,0.1666666716337204
947,18940,0.0,0.0833333358168602
948,18960,0.0,0.25
949,18980,0.0833333358168602,0.3333333432674408
950,19000,0.0,0.0833333358168602
951,19020,0.0,0.0
952,19040,0.0,0.3333333432674408
953,19060,0.0,0.3333333432674408
954,19080,0.0,0.3333333432674408
955,19100,0.0,0.25
956,19120,0.0,0.25
957,19140,0.0,0.25
958,19160,0.0,0.25
959,19180,0.0,0.0833333358168602
960,19200,0.0,0.3333333432674408
961,19220,0.0,0.4166666567325592
962,19240,0.0,0.1666666716337204
963,19260,0.0,0.25
964,19280,0.0,0.1666666716337204
965,19300,0.0,0.25
966,19320,0.0,0.25
967,19340,0.0,0.1666666716337204
968,19360,0.0,0.1666666716337204
969,19380,0.0,0.3333333432674408
970,19400,0.0,0.0833333358168602
971,19420,0.0,0.3333333432674408
972,19440,0.0,0.25
973,19460,0.0,0.1666666716337204
974,19480,0.0,0.0833333358168602
975,19500,0.0,0.1666666716337204
976,19520,0.0,0.25
977,19540,0.0,0.1666666716337204
978,19560,0.0,0.3333333432674408
979,19580,0.0,0.0
980,19600,0.0,0.3333333432674408
981,19620,0.0,0.1666666716337204
982,19640,0.0,0.0833333358168602
983,19660,0.0,0.25
984,19680,0.0,0.1666666716337204
985,19700,0.0,0.1666666716337204
986,19720,0.0,0.0833333358168602
987,19740,0.0,0.1666666716337204
988,19760,0.0,0.3333333432674408
989,19780,0.0,0.25
990,19800,0.0,0.25
991,19820,0.0,0.0833333358168602
992,19840,0.0,0.0
993,19860,0.0,0.25
994,19880,0.0,0.4166666567325592
995,19900,0.0,0.0833333358168602
996,19920,0.0,0.25
997,19940,0.0,0.3333333432674408
998,19960,0.0,0.0833333358168602
999,19980,0.0,0.0833333358168602
1000,20000,0.0,0.1666666716337204
1001,20020,0.0,0.25
1002,20040,0.0,0.3333333432674408
1003,20060,0.0,0.0833333358168602
1004,20080,0.0,0.1666666716337204
1005,20100,0.0,0.1666666716337204
1006,20120,0.0,0.25
1007,20140,0.0,0.1666666716337204
1008,20160,0.0,0.1666666716337204
1009,20180,0.0,0.3333333432674408
1010,20200,0.0,0.0833333358168602
1011,20220,0.0,0.4166666567325592
1012,20240,0.0,0.25
1013,20260,0.0,0.0833333358168602
1014,20280,0.0,0.0
1015,20300,0.0,0.0833333358168602
1016,20320,0.0,0.1666666716337204
1017,20340,0.0,0.1666666716337204
1018,20360,0.0,0.1666666716337204
1019,20380,0.0,0.3333333432674408
1020,20400,0.0,0.1666666716337204
1021,20420,0.0,0.1666666716337204
1022,20440,0.0,0.1666666716337204
1023,20460,0.0,0.25
1024,20480,0.0,0.3333333432674408
1025,20500,0.0,0.25
1026,20520,0.0,0.0833333358168602
1027,20540,0.0,0.1666666716337204
1028,20560,0.0,0.1666666716337204
1029,20580,0.0,0.25
1030,20600,0.0,0.25
1031,20620,0.0,0.0833333358168602
1032,20640,0.0833333358168602,0.3333333432674408
1033,20660,0.0,0.25
1034,20680,0.0,0.25
1035,20700,0.0,0.0
1036,20720,0.0,0.1666666716337204
1037,20740,0.0,0.1666666716337204
1038,20760,0.0,0.1666666716337204
1039,20780,0.0,0.3333333432674408
1040,20800,0.0,0.25
1041,20820,0.0,0.0833333358168602
1042,20840,0.0,0.0833333358168602
1043,20860,0.0,0.1666666716337204
1044,20880,0.0,0.0833333358168602
1045,20900,0.0,0.1666666716337204
1046,20920,0.0,0.0833333358168602
1047,20940,0.0833333358168602,0.0833333358168602
1048,20960,0.0,0.0
1049,20980,0.0,0.25
1050,21000,0.0,0.25
1051,21020,0.0,0.1666666716337204
1052,21040,0.0,0.0833333358168602
1053,21060,0.0,0.0833333358168602
1054,21080,0.0,0.0833333358168602
1055,21100,0.0,0.25
1056,21120,0.0,0.0833333358168602
1057,21140,0.0,0.1666666716337204
1058,21160,0.0,0.3333333432674408
1059,21180,0.0,0.3333333432674408
1060,21200,0.0,0.3333333432674408
1061,21220,0.0,0.25
1062,21240,0.0,0.1666666716337204
1063,21260,0.0,0.1666666716337204
1064,21280,0.0,0.25
1065,21300,0.0,0.1666666716337204
1066,21320,0.0,0.1666666716337204
1067,21340,0.0,0.3333333432674408
1068,21360,0.0,0.0833333358168602
1069,21380,0.0,0.1666666716337204
1070,21400,0.0,0.1666666716337204
1071,21420,0.0,0.0833333358168602
1072,21440,0.0,0.1666666716337204
1073,21460,0.0,0.3333333432674408
1074,21480,0.0,0.1666666716337204
1075,21500,0.0,0.1666666716337204
1076,21520,0.0,0.0
1077,21540,0.0,0.25
1078,21560,0.0,0.0833333358168602
1079,21580,0.0,0.0
1080,21600,0.0,0.1666666716337204
1081,21620,0.0,0.1666666716337204
1082,21640,0.0,0.25
1083,21660,0.0,0.25
1084,21680,0.0,0.4166666567325592
1085,21700,0.0,0.1666666716337204
1086,21720,0.0,0.3333333432674408
1087,21740,0.0,0.25
1088,21760,0.0,0.3333333432674408
1089,21780,0.0,0.25
1090,21800,0.0,0.1666666716337204
1091,21820,0.0,0.3333333432674408
1092,21840,0.0,0.25
1093,21860,0.0,0.3333333432674408
1094,21880,0.0,0.3333333432674408
1095,21900,0.0,0.0
1096,21920,0.0,0.25
1097,21940,0.0,0.0833333358168602
1098,21960,0.0,0.1666666716337204
1099,21980,0.0,0.25
1100,22000,0.0,0.0833333358168602
1101,22020,0.0,0.0833333358168602
1102,22040,0.0,0.0833333358168602
1103,22060,0.0,0.25
1104,22080,0.0,0.4166666567325592
1105,22100,0.0,0.1666666716337204
1106,22120,0.0,0.0833333358168602
1107,22140,0.0,0.4166666567325592
1108,22160,0.0,0.25
1109,22180,0.0,0.0833333358168602
1110,22200,0.0,0.1666666716337204
1111,22220,0.0,0.0833333358168602
1112,22240,0.0,0.1666666716337204
1113,22260,0.0,0.25
1114,22280,0.0,0.1666666716337204
1115,22300,0.0,0.25
1116,22320,0.0,0.0833333358168602
1117,22340,0.0,0.1666666716337204
1118,22360,0.0,0.1666666716337204
1119,22380,0.0,0.1666666716337204
1120,22400,0.0,0.0833333358168602
1121,22420,0.0,0.1666666716337204
1122,22440,0.0,0.25
1123,22460,0.0,0.25
1124,22480,0.0,0.4166666567325592
1125,22500,0.0,0.25
1126,22520,0.0,0.0833333358168602
1127,22540,0.0,0.1666666716337204
1128,22560,0.0,0.0
1129,22580,0.0,0.1666666716337204
1130,22600,0.0,0.1666666716337204
1131,22620,0.0,0.25
1132,22640,0.0,0.25
1133,22660,0.0,0.1666666716337204
1134,22680,0.0,0.25
1135,22700,0.0,0.25
1136,22720,0.0,0.0833333358168602
1137,22740,0.0,0.0833333358168602
1138,22760,0.0,0.25
1139,22780,0.0,0.0833333358168602
1140,22800,0.0,0.25
1141,22820,0.0,0.0833333358168602
1142,22840,0.0,0.3333333432674408
1143,22860,0.0,0.1666666716337204
1144,22880,0.0,0.25
1145,22900,0.0,0.25
1146,22920,0.0,0.0833333358168602
1147,22940,0.0,0.0833333358168602
1148,22960,0.0,0.3333333432674408
1149,22980,0.0,0.0833333358168602
1150,23000,0.0,0.1666666716337204
1151,23020,0.0,0.0833333358168602
1152,23040,0.0,0.0833333358168602
1153,23060,0.0,0.1666666716337204
1154,23080,0.0,0.1666666716337204
1155,23100,0.0,0.25
1156,23120,0.0,0.1666666716337204
1157,23140,0.0,0.3333333432674408
1158,23160,0.0,0.1666666716337204
1159,23180,0.0,0.0833333358168602
1160,23200,0.0,0.1666666716337204
1161,23220,0.0,0.1666666716337204
1162,23240,0.0,0.1666666716337204
1163,23260,0.0,0.0833333358168602
1164,23280,0.0,0.0833333358168602
1165,23300,0.0,0.0833333358168602
1166,23320,0.0,0.1666666716337204
1167,23340,0.0,0.0833333358168602
1168,23360,0.0,0.0833333358168602
1169,23380,0.0,0.25
1170,23400,0.0,0.25
1171,23420,0.0,0.25
1172,23440,0.0,0.0833333358168602
1173,23460,0.0,0.25
1174,23480,0.0,0.1666666716337204
1175,23500,0.0,0.0833333358168602
1176,23520,0.0,0.1666666716337204
1177,23540,0.0,0.1666666716337204
1178,23560,0.0,0.0833333358168602
1179,23580,0.0,0.0
1180,23600,0.0,0.25
1181,23620,0.0,0.3333333432674408
1182,23640,0.0,0.1666666716337204
1183,23660,0.0,0.1666666716337204
1184,23680,0.0,0.1666666716337204
1185,23700,0.0,0.1666666716337204
1186,23720,0.0,0.1666666716337204
1187,23740,0.0,0.25
1188,23760,0.0,0.25
1189,23780,0.0,0.1666666716337204
1190,23800,0.0,0.0833333358168602
1191,23820,0.0,0.25
1192,23840,0.0,0.0833333358168602
1193,23860,0.0,0.0833333358168602
1194,23880,0.0,0.1666666716337204
1195,23900,0.0,0.25
1196,23920,0.0,0.25
1197,23940,0.0,0.25
1198,23960,0.0,0.1666666716337204
1199,23980,0.0,0.1666666716337204
1200,24000,0.0,0.5
1201,24020,0.0,0.1666666716337204
1202,24040,0.0,0.1666666716337204
1203,24060,0.0,0.0833333358168602
1204,24080,0.0,0.0833333358168602
1205,24100,0.0,0.1666666716337204
1206,24120,0.0,0.1666666716337204
1207,24140,0.0,0.0833333358168602
1208,24160,0.0,0.25
1209,24180,0.0,0.3333333432674408
1210,24200,0.0,0.25
1211,24220,0.0,0.25
1212,24240,0.0,0.0833333358168602
1213,24260,0.0,0.25
1214,24280,0.0,0.25
1215,24300,0.0,0.3333333432674408
1216,24320,0.0,0.0833333358168602
1217,24340,0.0,0.1666666716337204
1218,24360,0.0,0.0833333358168602
1219,24380,0.0,0.25
1220,24400,0.0,0.1666666716337204
1221,24420,0.0,0.0833333358168602
1222,24440,0.0,0.1666666716337204
1223,24460,0.0,0.25
1224,24480,0.0,0.25
1225,24500,0.0,0.3333333432674408
1226,24520,0.0,0.0
1227,24540,0.0,0.25
1228,24560,0.0,0.0833333358168602
1229,24580,0.0,0.0833333358168602
1230,24600,0.0,0.0833333358168602
1231,24620,0.0,0.25
1232,24640,0.0,0.0833333358168602
1233,24660,0.0,0.0833333358168602
1234,24680,0.0,0.1666666716337204
1235,24700,0.0,0.1666666716337204
1236,24720,0.0,0.1666666716337204
1237,24740,0.0,0.3333333432674408
1238,24760,0.0,0.1666666716337204
1239,24780,0.0,0.1666666716337204
1240,24800,0.0,0.1666666716337204
1241,24820,0.0,0.0833333358168602
1242,24840,0.0,0.1666666716337204
1243,24860,0.0,0.3333333432674408
1244,24880,0.0,0.1666666716337204
1245,24900,0.0,0.25
1246,24920,0.0,0.3333333432674408
1247,24940,0.0,0.0833333358168602
1248,24960,0.0,0.0833333358168602
1249,24980,0.0,0.1666666716337204
1250,25000,0.0,0.3333333432674408
1251,25020,0.0,0.25
1252,25040,0.0,0.25
1253,25060,0.0,0.1666666716337204
1254,25080,0.0,0.0833333358168602
1255,25100,0.0,0.25
1256,25120,0.0,0.25
1257,25140,0.0,0.3333333432674408
1258,25160,0.0,0.0833333358168602
1259,25180,0.0,0.25
1260,25200,0.0,0.25
1261,25220,0.0,0.1666666716337204
1262,25240,0.0,0.1666666716337204
1263,25260,0.0,0.25
1264,25280,0.0,0.25
1265,25300,0.0,0.0833333358168602
1266,25320,0.0,0.0833333358168602
1267,25340,0.0,0.1666666716337204
1268,25360,0.0,0.0
1269,25380,0.0,0.0833333358168602
1270,25400,0.0,0.25
1271,25420,0.0,0.1666666716337204
1272,25440,0.0,0.1666666716337204
1273,25460,0.0,0.1666666716337204
1274,25480,0.0,0.25
1275,25500,0.0,0.0833333358168602
1276,25520,0.0,0.25
1277,25540,0.0,0.25
1278,25560,0.0,0.0833333358168602
1279,25580,0.0,0.25
1280,25600,0.0,0.4166666567325592
1281,25620,0.0,0.1666666716337204
1282,25640,0.0,0.1666666716337204
1283,25660,0.0,0.0833333358168602
1284,25680,0.0,0.25
1285,25700,0.0,0.3333333432674408
1286,25720,0.0,0.25
1287,25740,0.0,0.1666666716337204
1288,25760,0.0,0.4166666567325592
1289,25780,0.0,0.1666666716337204
1290,25800,0.0,0.0
1291,25820,0.0,0.1666666716337204
1292,25840,0.0,0.1666666716337204
1293,25860,0.0,0.1666666716337204
1294,25880,0.0,0.25
1295,25900,0.0,0.4166666567325592
1296,25920,0.0,0.1666666716337204
1297,25940,0.0,0.0833333358168602
1298,25960,0.0,0.1666666716337204
1299,25980,0.0,0.1666666716337204
1300,26000,0.0,0.0833333358168602
1301,26020,0.0,0.1666666716337204
1302,26040,0.0,0.3333333432674408
1303,26060,0.0833333358168602,0.1666666716337204
1304,26080,0.0,0.1666666716337204
1305,26100,0.0,0.0833333358168602
1306,26120,0.0,0.3333333432674408
1307,26140,0.0,0.1666666716337204
1308,26160,0.0,0.3333333432674408
1309,26180,0.0,0.25
1310,26200,0.0,0.1666666716337204
1311,26220,0.0,0.3333333432674408
1312,26240,0.0,0.4166666567325592
1313,26260,0.0,0.5833333134651184
1314,26280,0.0,0.0833333358168602
1315,26300,0.0,0.1666666716337204
1316,26320,0.0,0.0833333358168602
1317,26340,0.0,0.1666666716337204
1318,26360,0.0,0.1666666716337204
1319,26380,0.0,0.1666666716337204
1320,26400,0.0,0.25
1321,26420,0.0,0.25
1322,26440,0.0,0.0833333358168602
1323,26460,0.0,0.25
1324,26480,0.0,0.0833333358168602
1325,26500,0.0,0.25
1326,26520,0.0,0.0833333358168602
1327,26540,0.0,0.1666666716337204
1328,26560,0.0,0.25
1329,26580,0.0,0.0833333358168602
1330,26600,0.0,0.1666666716337204
1331,26620,0.0,0.25
1332,26640,0.0,0.25
1333,26660,0.0,0.0833333358168602
1334,26680,0.0,0.0833333358168602
1335,26700,0.0,0.1666666716337204
1336,26720,0.0,0.0833333358168602
1337,26740,0.0,0.3333333432674408
1338,26760,0.0,0.0833333358168602
1339,26780,0.0,0.25
1340,26800,0.0,0.1666666716337204
1341,26820,0.0,0.0833333358168602
1342,26840,0.0,0.4166666567325592
1343,26860,0.0,0.3333333432674408
1344,26880,0.0,0.0833333358168602
1345,26900,0.0,0.1666666716337204
1346,26920,0.0,0.3333333432674408
1347,26940,0.0,0.25
1348,26960,0.0,0.1666666716337204
1349,26980,0.0,0.25
1350,27000,0.0,0.0833333358168602
1351,27020,0.0,0.25
1352,27040,0.0,0.0
1353,27060,0.0,0.0833333358168602
1354,27080,0.0,0.1666666716337204
1355,27100,0.0,0.1666666716337204
1356,27120,0.0,0.1666666716337204
1357,27140,0.0,0.25
1358,27160,0.0,0.1666666716337204
1359,27180,0.0,0.1666666716337204
1360,27200,0.0,0.0833333358168602
1361,27220,0.0,0.1666666716337204
1362,27240,0.0,0.25
1363,27260,0.0,0.1666666716337204
1364,27280,0.0,0.0833333358168602
1365,27300,0.0,0.0833333358168602
1366,27320,0.0,0.25
1367,27340,0.0,0.0833333358168602
1368,27360,0.0,0.25
1369,27380,0.0,0.4166666567325592
1370,27400,0.0,0.25
1371,27420,0.0,0.0833333358168602
1372,27440,0.0,0.0833333358168602
1373,27460,0.0,0.3333333432674408
1374,27480,0.0,0.25
1375,27500,0.0,0.25
1376,27520,0.0,0.1666666716337204
1377,27540,0.0,0.25
1378,27560,0.0,0.3333333432674408
1379,27580,0.0,0.25
1380,27600,0.0,0.1666666716337204
1381,27620,0.0,0.0833333358168602
1382,27640,0.0,0.4166666567325592
1383,27660,0.0,0.1666666716337204
1384,27680,0.0,0.0
1385,27700,0.0,0.3333333432674408
1386,27720,0.0,0.1666666716337204
1387,27740,0.0,0.25
1388,27760,0.0,0.0833333358168602
1389,27780,0.0,0.1666666716337204
1390,27800,0.0,0.3333333432674408
1391,27820,0.0,0.1666666716337204
1392,27840,0.0,0.1666666716337204
1393,27860,0.0,0.0833333358168602
1394,27880,0.0,0.0833333358168602
1395,27900,0.0,0.25
1396,27920,0.0,0.4166666567325592
1397,27940,0.0,0.0833333358168602
1398,27960,0.0,0.3333333432674408
1399,27980,0.0,0.25
1400,28000,0.0,0.1666666716337204
1401,28020,0.0,0.25
1402,28040,0.0,0.25
1403,28060,0.0,0.25
1404,28080,0.0,0.0
1405,28100,0.0,0.1666666716337204
1406,28120,0.0,0.25
1407,28140,0.0,0.1666666716337204
1408,28160,0.0,0.1666666716337204
1409,28180,0.0,0.3333333432674408
1410,28200,0.0,0.3333333432674408
1411,28220,0.0,0.0833333358168602
1412,28240,0.0,0.25
1413,28260,0.0,0.1666666716337204
1414,28280,0.0,0.0833333358168602
1415,28300,0.0,0.1666666716337204
1416,28320,0.0,0.4166666567325592
1417,28340,0.0,0.0833333358168602
1418,28360,0.0,0.1666666716337204
1419,28380,0.0,0.25
1420,28400,0.0,0.1666666716337204
1421,28420,0.0,0.25
1422,28440,0.0,0.1666666716337204
1423,28460,0.0,0.0833333358168602
1424,28480,0.0,0.0833333358168602
1425,28500,0.0,0.0833333358168602
1426,28520,0.0,0.25
1427,28540,0.0,0.1666666716337204
1428,28560,0.0,0.25
1429,28580,0.0,0.25
1430,28600,0.0,0.0833333358168602
1431,28620,0.0,0.3333333432674408
1432,28640,0.0,0.1666666716337204
1433,28660,0.0,0.3333333432674408
1434,28680,0.0,0.1666666716337204
1435,28700,0.0,0.25
1436,28720,0.0,0.1666666716337204
1437,28740,0.0,0.1666666716337204
1438,28760,0.0,0.0833333358168602
1439,28780,0.0,0.25
1440,28800,0.0,0.1666666716337204
1441,28820,0.0,0.1666666716337204
1442,28840,0.0,0.0833333358168602
1443,28860,0.0,0.1666666716337204
1444,28880,0.0,0.4166666567325592
1445,28900,0.0,0.0833333358168602
1446,28920,0.0,0.1666666716337204
1447,28940,0.0,0.1666666716337204
1448,28960,0.0,0.0833333358168602
1449,28980,0.0,0.25
1450,29000,0.0,0.0833333358168602
1451,29020,0.0,0.0833333358168602
1452,29040,0.0,0.1666666716337204
1453,29060,0.0,0.1666666716337204
1454,29080,0.0,0.0833333358168602
1455,29100,0.0,0.25
1456,29120,0.0,0.0833333358168602
1457,29140,0.0,0.0833333358168602
1458,29160,0.0,0.0833333358168602
1459,29180,0.0,0.0833333358168602
1460,29200,0.0,0.4166666567325592
1461,29220,0.0,0.0833333358168602
1462,29240,0.0,0.0833333358168602
1463,29260,0.0,0.25
1464,29280,0.0,0.1666666716337204
1465,29300,0.0,0.3333333432674408
1466,29320,0.0,0.1666666716337204
1467,29340,0.0,0.0833333358168602
1468,29360,0.0,0.0833333358168602
1469,29380,0.0,0.1666666716337204
1470,29400,0.0,0.1666666716337204
1471,29420,0.0,0.25
1472,29440,0.0,0.25
1473,29460,0.0,0.1666666716337204
1474,29480,0.0,0.3333333432674408
1475,29500,0.0,0.1666666716337204
1476,29520,0.0,0.25
1477,29540,0.0,0.25
1478,29560,0.0,0.0833333358168602
1479,29580,0.0,0.0833333358168602
1480,29600,0.0,0.25
1481,29620,0.0,0.1666666716337204
1482,29640,0.0,0.25
1483,29660,0.0,0.25
1484,29680,0.0,0.0833333358168602
1485,29700,0.0,0.1666666716337204
1486,29720,0.0,0.25
1487,29740,0.0,0.1666666716337204
1488,29760,0.0,0.1666666716337204
1489,29780,0.0,0.1666666716337204
1490,29800,0.0,0.25
1491,29820,0.0,0.0833333358168602
1492,29840,0.0,0.25
1493,29860,0.0,0.0833333358168602
1494,29880,0.0,0.1666666716337204
1495,29900,0.0,0.0833333358168602
1496,29920,0.0,0.1666666716337204
1497,29940,0.0,0.1666666716337204
1498,29960,0.0,0.0833333358168602
1499,29980,0.0,0.25
1500,30000,0.0,0.1666666716337204
